﻿[
  {
    "_id": "598904d1226ee16997275e8b",
    "count": 2214,
    "date": "2017/06/17",
    "name": "ed sheeran-shape of you(hsrr trap edit)-trap",
    "dir": "VDJ\\Bar",
    "urlKey": "b3bb00bea230143a0d779c0dde0ad873fd6587bf",
    "url": "http://www.vvvdj.com/play/148234.html",
    "__v": 0
  },
  {
    "_id": "5b16feb5dcfefd363155686c",
    "count": 1923,
    "date": "2018/05/25",
    "name": "买辣椒也用券-起风了(Dj叶仔 FunkyHouse Rmx 2018)",
    "dir": "VDJ\\CNClub",
    "urlKey": "614ef065cf06d206fb92b28627a5c02aa8f3c83e",
    "url": "http://www.vvvdj.com/play/161589.html",
    "__v": 0
  },
  {
    "_id": "59ecf151853dd24dc366a471",
    "count": 1905,
    "date": "2017/10/22",
    "name": "Yankee-Despacito(Kssjnsn Moombahton Rmx)-Moombah",
    "dir": "VDJ\\Bar",
    "urlKey": "67b8290d3887b69c984eeb4dd2f6a0eb855b9b34",
    "url": "http://www.vvvdj.com/play/153360.html",
    "__v": 0
  },
  {
    "_id": "5990dfee5cd4010af2ffd5ed",
    "count": 1747,
    "date": "2017.03.15. 7:47:29",
    "name": "alan walker-Faded 2017(Mcking rmx V2)-女electroHouse",
    "dir": "VDJ\\House",
    "urlKey": "160a079874b7d44feee26e22408a0e034e498b40",
    "url": "http://www.vvvdj.com/play/143156.html",
    "__v": 0
  },
  {
    "_id": "59890548226ee16997275e96",
    "count": 1517,
    "date": "2017/07/24",
    "name": "Nadia-Feel The Summer(Dnc2dsc Rmx)-女ClubHouse",
    "dir": "VDJ\\Club",
    "urlKey": "dd5e7ab885d786108a5772ad4c5b4cd06855588d",
    "url": "http://www.vvvdj.com/play/149858.html",
    "__v": 0
  },
  {
    "_id": "5997bde1c8cff75ca059253a",
    "count": 1429,
    "date": "2017/08/19",
    "name": "Maserati Ft Bs-La Vida Loca(DjSmlkmk)-男唱男说ClubDance",
    "dir": "VDJ\\Club",
    "urlKey": "cc1bce0d6f6a6cd2b99a2583ad1fc2e23afa2d7e",
    "url": "http://www.vvvdj.com/play/151059.html",
    "__v": 0
  },
  {
    "_id": "59a504a5c8cff75ca059297e",
    "count": 1429,
    "date": "2017/08/29",
    "name": "Edward Sanchez Drd-Booma(Mrj Rmx)-女唱男说ClubDance",
    "dir": "VDJ\\Club",
    "urlKey": "2bd79a4ee0d84581ed32efa5a35ab1313a3dc888",
    "url": "http://www.vvvdj.com/play/151500.html",
    "__v": 0
  },
  {
    "_id": "598efb0896f6c5169dd3c0d3",
    "count": 1374,
    "date": "2017/08/12",
    "name": "Luis Fonsi-Despacito(DjVgg Bootleg)-女TechnoTrance",
    "dir": "VDJ\\Disco",
    "urlKey": "833c703ba2ca3edbd8eac8f52f79f5366e28c160",
    "url": "http://www.vvvdj.com/play/150771.html",
    "__v": 0
  },
  {
    "_id": "598d3b7e96f6c5169dd3c06a",
    "count": 1338,
    "date": "2017/08/10",
    "name": "徐小燕 - 如果你爱上了别人请别告诉我(Dj圣豪 Rmx 2017 弹)",
    "dir": "VDJ\\CNDisco",
    "urlKey": "47153d3cc241d2deba6505ea46a85b33c48dc304",
    "url": "http://www.vvvdj.com/play/150650.html",
    "__v": 0
  },
  {
    "_id": "5989092b89a92f6babe374ca",
    "count": 1286,
    "date": "2016/08/01",
    "name": "twenty one Pilots-Stressed out 85bpm-暖场男说男唱HipHop",
    "dir": "VDJ\\Bar",
    "urlKey": "fc66baf54663becb1c11cadfd9de534cc8a22d84",
    "url": "http://www.vvvdj.com/play/134476.html",
    "__v": 0
  },
  {
    "_id": "598c9bb196f6c5169dd3c050",
    "count": 1275,
    "date": "2017/07/15",
    "name": "Britney Spears-Baby One More Time(93bpm)-暖场女HipHop",
    "dir": "VDJ\\Bar",
    "urlKey": "37c04c573121cc31285ab98d7988408f0d6016f8",
    "url": "http://www.vvvdj.com/play/149557.html",
    "__v": 0
  },
  {
    "_id": "598c621396f6c5169dd3c039",
    "count": 1248,
    "date": "2017/08/10",
    "name": "Nadia-Feel The Summer(Extended Mix)-女ClubHouse",
    "dir": "VDJ\\Club",
    "urlKey": "8e7448d8ad85b332c3520cecc53ea507bafc0f34",
    "url": "http://www.vvvdj.com/play/150639.html",
    "__v": 0
  },
  {
    "_id": "59890666226ee16997275ea6",
    "count": 1246,
    "date": "2017/07/14",
    "name": "L-Give Me Love(Original Tropical Mix)-Tropical",
    "dir": "VDJ\\Bar",
    "urlKey": "3de55e77965b697c2554e50026446c450a3daeef",
    "url": "http://www.vvvdj.com/play/149506.html",
    "__v": 0
  },
  {
    "_id": "598904da226ee16997275e8c",
    "count": 1226,
    "date": "2017/07/26",
    "name": "Justin Bieber-Let Me Love You(Ad1 Trap Edit)-Trap",
    "dir": "VDJ\\Bar",
    "urlKey": "c0c57e32d541d495f2ba2523643e636f7ef8bcab",
    "url": "http://www.vvvdj.com/play/149961.html",
    "__v": 0
  },
  {
    "_id": "598cf26f96f6c5169dd3c058",
    "count": 1220,
    "date": "24/06/2017",
    "name": "La Vie En rose(djantoine Mad Mark Extended)-男FutureHouse",
    "dir": "VDJ\\House",
    "urlKey": "2694893d167cee135db8762d5f7c1fe9efb6a259",
    "url": "http://www.vvvdj.com/play/146711.html",
    "__v": 0
  },
  {
    "_id": "59f2d03d853dd24dc366a56e",
    "count": 1211,
    "date": "2017/10/27",
    "name": "Withard-Wasted On Cloud 9(Cbntrbn Rmx)-女TechnoTrance",
    "dir": "VDJ\\Disco",
    "urlKey": "cd7737c8bc2b8ef2ab9358b0778e4ef0946699e4",
    "url": "http://www.vvvdj.com/play/153608.html",
    "__v": 0
  },
  {
    "_id": "59f014dd853dd24dc366a4e5",
    "count": 1208,
    "date": "2017/10/25",
    "name": "Alex Cortez Ft Cvb-Vienna(DjPlo Rmx)-女ClubDance",
    "dir": "VDJ\\Club",
    "urlKey": "f6ecf0385f40c497620c203019d605c28d007a12",
    "url": "http://www.vvvdj.com/play/153495.html",
    "__v": 0
  },
  {
    "_id": "59b503231248ad1842c69798",
    "count": 1201,
    "date": "2017/09/10",
    "name": "Cascada-Everytime We Touch(Tnsqd Bootleg)-女PopTechno",
    "dir": "VDJ\\Disco",
    "urlKey": "b2979f99977f6712783945a219407f094a7244d5",
    "url": "http://www.vvvdj.com/play/152044.html",
    "__v": 0
  },
  {
    "_id": "59890670226ee16997275ea7",
    "count": 1173,
    "date": "2016/11/29",
    "name": "vive La vida(djalek-Z Redrum 104bpm)-男女Reggaeton",
    "dir": "VDJ\\Bar",
    "urlKey": "cdf6b57bf62d8d62a1c913efabaf15ab317c1044",
    "url": "http://www.vvvdj.com/play/139837.html",
    "__v": 0
  },
  {
    "_id": "5997bdebc8cff75ca059253b",
    "count": 1171,
    "date": "2017/08/19",
    "name": "Jack Mazzoni-The Fight(Chrstntnz Rmx)-男ClubDance",
    "dir": "VDJ\\Club",
    "urlKey": "c5bee078107d95864f4c3dc1232e6268949591ee",
    "url": "http://www.vvvdj.com/play/151058.html",
    "__v": 0
  },
  {
    "_id": "5a1bc4844de97a22333c4c6d",
    "count": 1169,
    "date": "2017/11/27",
    "name": "Charlie Puth-Attention(HUGEL Rmx)-ClubHouse",
    "dir": "VDJ\\Club",
    "urlKey": "df2f02921c6893c27cc56d6f4e22dd63b28e4c63",
    "url": "http://www.vvvdj.com/play/154677.html",
    "__v": 0
  },
  {
    "_id": "598904e7226ee16997275e8e",
    "count": 1166,
    "date": "2016/12/07",
    "name": "Maroon 5-Sugar 2016(Dj Rmx)-ClubDance",
    "dir": "VDJ\\Club",
    "urlKey": "b1e0bab5fb85ab4e472b8a107a9a956e8ba1f5fc",
    "url": "http://www.vvvdj.com/play/140172.html",
    "__v": 0
  },
  {
    "_id": "59c253bc37f0c36821795e35",
    "count": 1159,
    "date": "2017/09/20",
    "name": "Capella-You And Me(Cbmnn Rmx)-男说女唱TechnoTrance",
    "dir": "VDJ\\Disco",
    "urlKey": "78ee508b7ec4d26376f0a627d680959490705ccc",
    "url": "http://www.vvvdj.com/play/152431.html",
    "__v": 0
  },
  {
    "_id": "5997a7ebc8cff75ca059252f",
    "count": 1146,
    "date": "2017/08/19",
    "name": "Calvin Harris Ft John Newman-Blame-男TechnoTrance",
    "dir": "VDJ\\Disco",
    "urlKey": "a46652e19c6523da13d05d27f693f2cd7860399b",
    "url": "http://www.vvvdj.com/play/151072.html",
    "__v": 0
  },
  {
    "_id": "59eff7fb853dd24dc366a4d6",
    "count": 1136,
    "date": "2017/10/25",
    "name": "苗伟-再不爱我就老了(Dj庭锋 Rmx 2017)",
    "dir": "VDJ\\CNDisco",
    "urlKey": "39f35b2476cff55021bed0c3e31ab1c642c21500",
    "url": "http://www.vvvdj.com/play/153510.html",
    "__v": 0
  },
  {
    "_id": "5989063e226ee16997275ea4",
    "count": 1130,
    "date": "2017/07/22",
    "name": "Ariana Grande Ft Nikki Minaj Bro Safari-Side To Side-Trap",
    "dir": "VDJ\\Bar",
    "urlKey": "512d24d36ef82bb1319274db0219b1e600bbc9b0",
    "url": "http://www.vvvdj.com/play/149769.html",
    "__v": 0
  },
  {
    "_id": "598904fa226ee16997275e8f",
    "count": 945,
    "date": "2017/07/24",
    "name": "Silvia Dias-Sweet Dreams(G4bb Ft Bzzbz Rmx)-女PopTechno",
    "dir": "VDJ\\Disco",
    "urlKey": "b38501f4730084eef585ffafa6b8340826ff240b",
    "url": "http://www.vvvdj.com/play/149880.html",
    "__v": 0
  },
  {
    "_id": "598c555296f6c5169dd3c01c",
    "count": 921,
    "date": "2017/08/10",
    "name": "Danielo-Jestes Moim Kociakiem(Ptr Rmx)-波男ClubHouse",
    "dir": "VDJ\\Club",
    "urlKey": "437430df970f539a060d7645a161b51e6307c760",
    "url": "http://www.vvvdj.com/play/150638.html",
    "__v": 0
  },
  {
    "_id": "59e50bfaccb3e95da7273195",
    "count": 883,
    "date": "2017/10/12",
    "name": "Blow Cox-Wahio(Original Mix)-男ClubHouse",
    "dir": "VDJ\\Club",
    "urlKey": "68472c8de29d825c7fad62cb20d2ea6d19ee64aa",
    "url": "http://www.vvvdj.com/play/153012.html",
    "__v": 0
  },
  {
    "_id": "598c4e7b96f6c5169dd3c013",
    "count": 825,
    "date": "2011/05/21",
    "name": "Never Say Never(越南舞曲）女ElectroHouse",
    "dir": "VDJ/House",
    "urlKey": "0c040745c375fd05207a6f8cf38bf7d32d182a5f",
    "url": "http://www.vvvdj.com/play/67667.html",
    "__v": 0
  },
  {
    "_id": "599118b85cd4010af2ffd617",
    "count": 758,
    "date": "2017/08/14",
    "name": "Uptown Funk 2017(DjAlkz Bootleg Smasher 128bpm)-Mashup",
    "dir": "VDJ\\Bar",
    "urlKey": "8f8418d5a9e7e9e144e49f9d927762f90a6cd518",
    "url": "http://www.vvvdj.com/play/150850.html",
    "__v": 0
  },
  {
    "_id": "598d799596f6c5169dd3c06e",
    "count": 715,
    "date": "2017/08/10",
    "name": "崔天琪 - 放过(DjCola Rmx 2017)",
    "dir": "VDJ\\CNDisco",
    "urlKey": "519cb34e7dd8c5dd913a94d4af417497f83692e1",
    "url": "http://www.vvvdj.com/play/150649.html",
    "__v": 0
  },
  {
    "_id": "59f36487853dd24dc366a63c",
    "count": 623,
    "date": "2017/10/27",
    "name": "Miranda-Vamos A La Playa(Cbmnn Rmx)-男女TechnoTrance",
    "dir": "VDJ\\Disco",
    "urlKey": "1090b6887ba0fc825982c3e53681fa36f92cd9cc",
    "url": "http://www.vvvdj.com/play/153607.html",
    "__v": 0
  },
  {
    "_id": "59890568226ee16997275e9e",
    "count": 615,
    "date": "2017/05/29",
    "name": "John Legend-Love Me Now(Thmtn Rmx)-男ClubHouse",
    "dir": "VDJ\\Club",
    "urlKey": "ba7b3f9958d1b239170b3c59edb347085cad843d",
    "url": "http://www.vvvdj.com/play/147405.html",
    "__v": 0
  },
  {
    "_id": "5a1bf5d44de97a22333c4c7f",
    "count": 581,
    "date": "2017/11/27",
    "name": "Placebo-Fuck U(DJVortex)-TechnoTrance",
    "dir": "VDJ\\Disco",
    "urlKey": "ff75614b104e400c7854ca82a6f92ea448c13982",
    "url": "http://www.vvvdj.com/play/154694.html",
    "__v": 0
  },
  {
    "_id": "598e86ec96f6c5169dd3c0b2",
    "count": 540,
    "date": "2017/07/12",
    "name": "turn Down For what 2017(Djalln re-twerk)-trap",
    "dir": "VDJ\\Bar",
    "urlKey": "44d9185f2d40998bab96baf666ebb3b48dc2921a",
    "url": "http://www.vvvdj.com/play/149415.html",
    "__v": 0
  },
  {
    "_id": "59e646c9ccb3e95da72731ac",
    "count": 525,
    "date": "2017/10/12",
    "name": "Sikora-Love(Extended Mix)-女唱男说ClubHouse",
    "dir": "VDJ\\Club",
    "urlKey": "1d67aba09c9cb1e0368a40f178899d1eced7dda4",
    "url": "http://www.vvvdj.com/play/153011.html",
    "__v": 0
  },
  {
    "_id": "5a3bd724098f874558ac89f7",
    "count": 469,
    "date": "2017/12/21",
    "name": "Roberto Mozza Feat Lima-Wonderful Life(Club Rmx)-女唱ClubDance",
    "dir": "VDJ\\Club",
    "urlKey": "e274103630139db58606d83043a23c04f8f5031c",
    "url": "http://www.vvvdj.com/play/155791.html",
    "__v": 0
  },
  {
    "_id": "59890482226ee16997275e8a",
    "count": 326,
    "date": "2015/11/20",
    "name": "Frankie-new ObsessiOn(incln Mix 90bpm)-暖场女HipHOp",
    "dir": "VDJ\\Bar",
    "urlKey": "64f89e3497b28ada1ed96e04eca2bcd9631d156d",
    "url": "http://www.vvvdj.com/play/121576.html",
    "__v": 0
  },
  {
    "_id": "59f2d04b853dd24dc366a56f",
    "count": 307,
    "date": "2017/10/27",
    "name": "Brooklyn Bounce-Give It A Go(Dncb Rmx)-男说PopTechno",
    "dir": "VDJ\\Disco",
    "urlKey": "22c5533660eab4504f40c9b0d4c4304c2ef3b1e3",
    "url": "http://www.vvvdj.com/play/153606.html",
    "__v": 0
  },
  {
    "_id": "5a3c0581098f874558ac8a0b",
    "count": 254,
    "date": "2017/12/21",
    "name": "One Night In Austria (Smp2k Handsup Remix)-男唱Disco",
    "dir": "VDJ\\Disco",
    "urlKey": "cab79a704bf09c32661b46ce2d86631e9afffd4a",
    "url": "http://www.vvvdj.com/play/155801.html",
    "__v": 0
  },
  {
    "_id": "599117f65cd4010af2ffd615",
    "count": 233,
    "date": "2017/08/14",
    "name": "Badri Ki Dulhani(印度DjStnsh Rmx 130bpm)-Mashup",
    "dir": "VDJ\\Bar",
    "urlKey": "23d6748b6b691d883aa93dcbe00d20778d01cb70",
    "url": "http://www.vvvdj.com/play/150851.html",
    "__v": 0
  },
  {
    "_id": "5a1931794de97a22333c4c2e",
    "count": 220,
    "date": "2017/11/25",
    "name": "Daav One X Alex-Epic(Original Mix)-TechnoTrance",
    "dir": "VDJ\\Disco",
    "urlKey": "e7ec4d254264c5de98e3523d47d81ddb1cf1eb49",
    "url": "http://www.vvvdj.com/play/154610.html",
    "__v": 0
  },
  {
    "_id": "59bd5f1237f0c36821795d2d",
    "count": 217,
    "date": "2017/09/16",
    "name": "Dus Bahane(DjKhytr And DjTjsshtt Moombahton Rmx)-Moombah",
    "dir": "VDJ\\Bar",
    "urlKey": "9dea9d82fac5a5279f06c111c81e3453c5ad6936",
    "url": "http://www.vvvdj.com/play/152260.html",
    "__v": 0
  },
  {
    "_id": "59984b55c8cff75ca0592559",
    "count": 212,
    "date": "2017/08/19",
    "name": "Simone Di Bella Ft El Gorila-Suavecito-男唱男说ClubHouse",
    "dir": "VDJ\\Club",
    "urlKey": "571bfbd3397c9574b64210914ae4270b1a2fddc4",
    "url": "http://www.vvvdj.com/play/151057.html",
    "__v": 0
  },
  {
    "_id": "5a3b4de4098f874558ac89e8",
    "count": 210,
    "date": "2017/12/21",
    "name": "Boom Boom (Tiesto Rmx)-男唱ClubHouse",
    "dir": "VDJ\\Club",
    "urlKey": "3fe3a790e4c8599a70e8ed0087829044cb19e799",
    "url": "http://www.vvvdj.com/play/155789.html",
    "__v": 0
  },
  {
    "_id": "59a77e15b603d1452ed9a1f1",
    "count": 197,
    "date": "2017/08/31",
    "name": "Love Junkeez-Your Song(Flxstl Rmx)-女TechnoTrance",
    "dir": "VDJ\\Disco",
    "urlKey": "ee1ebb7eb28239b4368accd2b7efc47e40bd2f6e",
    "url": "http://www.vvvdj.com/play/151625.html",
    "__v": 0
  },
  {
    "_id": "598e868b96f6c5169dd3c0af",
    "count": 191,
    "date": "2017/06/14",
    "name": "Tynel-Pump In Da Bass(Original Mix)-男说唱ElectroBounce",
    "dir": "VDJ\\House",
    "urlKey": "8226bafb04656f170a043e54f1d62a40b4fdf5ce",
    "url": "http://www.vvvdj.com/play/148091.html",
    "__v": 0
  },
  {
    "_id": "59b58d1637f0c36821795bae",
    "count": 190,
    "date": "2017/09/10",
    "name": "DjMikesh-No Good 2017(Extended Mix)-女TechnoTrance",
    "dir": "VDJ\\Disco",
    "urlKey": "a60e1a15ed1240579ea156422fbee4168206a8d7",
    "url": "http://www.vvvdj.com/play/152042.html",
    "__v": 0
  },
  {
    "_id": "59b5f1ee37f0c36821795bb4",
    "count": 164,
    "date": "2017/09/10",
    "name": "DjMikesh-No Good 2017(Club Mix)-女PopTechno",
    "dir": "VDJ\\Disco",
    "urlKey": "09b7d9460c37905561865c2cd80aef180ae04c6b",
    "url": "http://www.vvvdj.com/play/152043.html",
    "__v": 0
  }
]